{"options":{"inputSize":1,"hiddenLayers":[10],"outputSize":1,"learningRate":0.01,"activation":"sigmoid","iterations":1000,"errorThresh":0.005},"model":{"Wxh":[[-2221.4980107764713],[-2219.278811897443],[-2274.286572611146],[-2203.271917588757],[-2256.3620663744396],[-2279.7222483587348],[-2229.4485909408186],[-2255.3346438848316],[-2265.3975726620197],[-2246.555947274914]],"Whh":[[-0.027244101710265548,-0.0720220026429845,-0.00279791499618344,0.010839655115660124,0.09372933432167832,0.008444855133278681,0.0049803561088537646,0.07113493791368555,-0.08391619864102276,1.8733087935735027e-6],[-0.06466751124927192,0.030037264772708183,0.08234898819697509,-0.0836144366225295,0.027341871488532926,-0.09237470468151138,-0.05206931631642828,-0.022156613935789382,0.06864671258658483,0.03704977144349822],[-0.05065501311358764,0.09746856670708795,0.02344197953280154,0.09067168505427972,0.03640213195998321,-0.06796492699904597,-0.018105130511384987,0.02726726584474895,-0.04856616265539368,0.04427959376214052],[0.07174297998274815,-0.03790449841781729,0.0038394829741863062,0.07562997414526995,-0.08780714729233047,-0.0001024697442084943,-0.09202825799213177,0.05878262443411286,0.09417867073518163,0.0027370895737489215],[0.022344664913762677,-0.0647542956121053,-0.033596890575064764,0.00984455817837479,0.0121887854822859,0.0485989513567644,-0.09702909020568667,-0.03077543318773407,0.002402955900134035,0.05189597613732144],[-0.0637773080560273,0.09003125372809881,0.05580815149275967,0.06569920096811802,-0.08587224697036308,-0.021602820009739523,0.019332928545462397,-0.026797545201516504,-0.008683197530304637,0.027693594958490497],[0.004985838804853079,-0.05099719835026059,0.09897100524928934,0.019707421734792854,0.09232340734094541,-0.08292418494025441,-0.07612022924056287,-0.010076630911825521,0.012482672330216826,0.0077210007737022746],[-0.08007801593284962,0.0803723683489358,-0.07540289702611179,-0.0532346679611293,-0.06673732929245445,-0.01725381487852605,0.004565185264016128,0.003540680512572017,0.04595060141102905,0.09394469884873588],[0.03509564601587861,0.05000562823843474,-0.021809207145967152,0.04102423663298799,-0.07974396104912458,0.04703495034344257,0.030463986345782873,0.00860650116047193,0.0738420345698679,0.0796695520075362],[-0.048152213146980954,-0.09367313822436758,-0.020275549460330763,0.05718269979450047,0.08741399868736696,0.05729577008508879,0.06800712047517632,-0.0694451939172322,-0.08096881871156805,-0.04993802688547319]],"Why":[[-162.20221946400707,-162.05271254543837,-165.78222933553093,-160.97851520499813,-164.56350131834452,-166.1517807097044,-162.73891090875372,-164.49386237290375,-165.17813233757477,-163.8978217281468]],"bh":[-697.3745095028534,-696.1476802098194,-727.1413244171162,-687.3534913319365,-716.9090870990702,-730.2686159929187,-701.7848407983313,-716.3256651152311,-722.0505863690416,-711.3630302889309],"by":[-1.0558758149341836]}}