{"options":{"inputSize":2,"hiddenLayers":[3],"outputSize":1,"learningRate":0.3,"activation":"sigmoid","iterations":20000,"errorThresh":0.005},"weights":[[[0.11816719120561407,-0.5100225526458617],[-0.16419933778536064,-0.5990253321932395],[-0.013863818904763776,-1.0833719941456166]],[[0.15431671462567992,0.10794245745546913,-0.3441834489015791]]],"biases":[[-2.4135372895160896,-2.42534586389729,-2.5716065595823854],[0.0011253548572225103]]}